data_ID,study_ID,title,year,authors,R2,r,Order,Genus,Species,animal,N,trait,,
87,46,Sex Ratios of Wild American Alligator Hatchlings in Southwest Louisiana,2014,"Elsey, RM and Lang, JW and Elsey, Ruth M. and Lang, Jeffrey W.",0.772,0.772,Crocodilia,Alligator,mississippiensis,Alligator_mississippiensis,232,SR,"As temperatures increased, more males were produced, but TSD 2",
70,33,Maternal and environmental effects on offspring phenotypes in an        oviparous lizard: do field data corroborate laboratory data?,2009,"Warner, DA and Shine, R and Warner, Daniel A. and Shine, Richard","F 1,9 = 13.9",-0.81,Squamata,Amphibolurus,muricatus,Amphibolurus_muricatus,9,S,"Warmer nests had lower survival, ",
71,33,Maternal and environmental effects on offspring phenotypes in an        oviparous lizard: do field data corroborate laboratory data?,2009,"Warner, DA and Shine, R and Warner, Daniel A. and Shine, Richard",χ2 = 0.4,0.12,Squamata,Amphibolurus,muricatus,Amphibolurus_muricatus,25,SR,TSD2 ,
92,48,"Sunny side up: lethally high, not low, nest temperatures may prevent        oviparous reptiles from reproducing at high elevations",2003,"Shine, R and Elphick, MJ and Barrott, EG and Shine, R and Elphick, MJ and Barrott, EG"," r = 0.30, positive",0.3,Squamata,bassiana,duperreyi,Bassiana_duperreyi,73,S,,
104,56,The influence of natural incubation environments on the phenotypic        traits of hatchling lizards,1997,"Shine, R and Elphick, MJ and Harlow, PS and Shine, R and Elphick, MJ and Harlow, PS",,-0.74,Squamata,bassiana,duperreyi,Bassiana_duperreyi,19,ID,,
105,56,The influence of natural incubation environments on the phenotypic        traits of hatchling lizards,1997,"Shine, R and Elphick, MJ and Harlow, PS and Shine, R and Elphick, MJ and Harlow, PS",svl= -0.15,-0.387298335,Squamata,bassiana,duperreyi,Bassiana_duperreyi,19,M,SVL,
80,41,Nesting ecology of the critically endangered fijian crested iguana brachylophus vitiensis in a pacific tropical dry forest,2009,"Morrison, S.E., Harlow, P.S., Keogh, J.S.",r = -0.68,-0.68,Squamata,brachylophus,vitiensis,Brachylophus_vitiensis,12,ID,,
28,13,Effects of climatic conditions on sex ratios in nests of broad-snouted        caiman,2014,"Simoncini, MS and Cruz, FB and Larriera, A and Pina, CI and Simoncini, M. S. and Cruz, F. B. and Larriera, A. and Pina, C. I.",R2=0.63,-0.793725393,Crocodilia,Caiman,latirostris,Caiman_latirostris,10,SR,More males produced at hot temps but TSD 2 pattern,
35,18,Estimating the sex ratio of loggerhead turtle hatchlings at Mon Repos        rookery (Australia) from nest temperatures,2008,"Chu, CT and Booth, DT and Limpus, CJ and Chu, Cuong The and Booth, David T. and Limpus, Colin J.",r2 = -0.89,-0.943398113,Testudines,caretta,caretta,Caretta_caretta,45,ID,,
36,18,Estimating the sex ratio of loggerhead turtle hatchlings at Mon Repos        rookery (Australia) from nest temperatures,2008,"Chu, CT and Booth, DT and Limpus, CJ and Chu, Cuong The and Booth, David T. and Limpus, Colin J.",r2 = 0.002,0.04472136,Testudines,caretta,caretta,Caretta_caretta,45,S,,
44,23,"Heat, health and hatchlings: associations of in situ nest temperatures        with morphological and physiological characteristics of loggerhead sea        turtle hatchlings from Florida",2020,"Fleming, KA and Perrault, JR and Stacy, NI and Coppenrath, CM and Gainsbury, AM and Fleming, Kelsey A. and Perrault, Justin R. and Stacy, Nicole, I and Coppenrath, Christina M. and Gainsbury, Alison M.",R2 = 0.93,0.964365076,Testudines,caretta,caretta,Caretta_caretta,15,ID,,
45,23,"Heat, health and hatchlings: associations of in situ nest temperatures        with morphological and physiological characteristics of loggerhead sea        turtle hatchlings from Florida",2020,"Fleming, KA and Perrault, JR and Stacy, NI and Coppenrath, CM and Gainsbury, AM and Fleming, Kelsey A. and Perrault, Justin R. and Stacy, Nicole, I and Coppenrath, Christina M. and Gainsbury, Alison M.",R2 = -0.31,-0.556776436,Testudines,caretta,caretta,Caretta_caretta,14,M,Carapace size,
46,23,"Heat, health and hatchlings: associations of in situ nest temperatures        with morphological and physiological characteristics of loggerhead sea        turtle hatchlings from Florida",2020,"Fleming, KA and Perrault, JR and Stacy, NI and Coppenrath, CM and Gainsbury, AM and Fleming, Kelsey A. and Perrault, Justin R. and Stacy, Nicole, I and Coppenrath, Christina M. and Gainsbury, Alison M.",R2=-0.27,-0.519615242,Testudines,caretta,caretta,Caretta_caretta,14,P,Righting response,
106,57,Thermal conditions in nests of loggerhead turtles: further evidence        suggesting female skewed sex ratios of hatchling production in the        Mediterranean,2001,"Godley, BJ and Broderick, AC and Downie, JR and Glen, F and Houghton, JDR and Kirkwood, I and Reece, S and Hays, GC and Godley, BJ and Broderick, AC and Downie, JR and Glen, F and Houghton, JDR and Kirkwood, I and Reece, S and Hays, GC",R2=0.62,0.787400787,Testudines,caretta,caretta,Caretta_caretta,23,ID,,
107,57,Thermal conditions in nests of loggerhead turtles: further evidence        suggesting female skewed sex ratios of hatchling production in the        Mediterranean,2001,"Godley, BJ and Broderick, AC and Downie, JR and Glen, F and Houghton, JDR and Kirkwood, I and Reece, S and Hays, GC and Godley, BJ and Broderick, AC and Downie, JR and Glen, F and Houghton, JDR and Kirkwood, I and Reece, S and Hays, GC",r2=-0.63,-0.793725393,Testudines,caretta,caretta,Caretta_caretta,23,S,,
100,54,The Effect of Thermal Variance on the Phenotype of Marine Turtle        Offspring,2014,"Horne, CR and Fuller, WJ and Godley, BJ and Rhodes, KA and Snape, R and Stokes, KL and Broderick, AC and Horne, C. R. and Fuller, W. J. and Godley, B. J. and Rhodes, K. A. and Snape, R. and Stokes, K. L. and Broderick, A. C.","X2(4,5) = 17.77 - negative",-0.558349699,Testudines,caretta,caretta,Caretta_caretta,57,S,,
7,5,Asynchronous emergence by loggerhead turtle (Caretta caretta) hatchlings,2001,"Houghton, JDR and Hays, GC and Houghton, JDR and Hays, GC",r2=0.89,0.943398113,Testudines,caretta,caretta,Caretta_caretta,5,ID,,
85,44,"Sex ratio estimations of loggerhead sea turtle hatchlings by        histological examination and nest temperatures at Fethiye beach, Turkey",2006,"Kaska, Y and Ilgaz, C and Ozdemir, A and Baskale, E and Turkozan, O and Baran, I and Stachowitsch, M and Kaska, Yakup and Ilgaz, Cetin and Ozdemir, Adem and Baskale, Eyup and Turkozan, Oguz and Baran, Ibrahim and Stachowitsch, Michael",r 2=0.97,0.98488578,Testudines,caretta,caretta,Caretta_caretta,21,SR,females produced at warmer temperatures,
101,55,The effects of nest incubation temperature on embryos and hatchlings of        the loggerhead sea turtle: Implications of sex difference for survival        rates during early life stages,2017,"Kobayashi, S and Wada, M and Fujimoto, R and Kumazawa, Y and Arai, K and Watanabe, G and Saito, T and Kobayashi, Shohei and Wada, Maoko and Fujimoto, Ryohei and Kumazawa, Yoshinori and Arai, Katsuhiko and Watanabe, Gen and Saito, Tomomi",r= -0.99,-0.99,Testudines,caretta,caretta,Caretta_caretta,6,ID,,
102,55,The effects of nest incubation temperature on embryos and hatchlings of        the loggerhead sea turtle: Implications of sex difference for survival        rates during early life stages,2017,"Kobayashi, S and Wada, M and Fujimoto, R and Kumazawa, Y and Arai, K and Watanabe, G and Saito, T and Kobayashi, Shohei and Wada, Maoko and Fujimoto, Ryohei and Kumazawa, Yoshinori and Arai, Katsuhiko and Watanabe, Gen and Saito, Tomomi",r2= -0.23,-0.479583152,Testudines,caretta,caretta,Caretta_caretta,6,P,crawling speed,
103,55,The effects of nest incubation temperature on embryos and hatchlings of        the loggerhead sea turtle: Implications of sex difference for survival        rates during early life stages,2017,"Kobayashi, S and Wada, M and Fujimoto, R and Kumazawa, Y and Arai, K and Watanabe, G and Saito, T and Kobayashi, Shohei and Wada, Maoko and Fujimoto, Ryohei and Kumazawa, Yoshinori and Arai, Katsuhiko and Watanabe, Gen and Saito, Tomomi",r2 = 0.42 negative,-0.64807407,Testudines,caretta,caretta,Caretta_caretta,6,S,,
77,38,Nest temperatures and sex-ratio estimates of loggerhead turtles at        Patara beach on the southwestern coast of Turkey,2004,"Oz, M and Erdogan, A and Kaska, Y and Dusen, S and Aslan, A and Sert, H and Yavuz, M and Tunc, MR and Oz, M and Erdogan, A and Kaska, Y and Dusen, S and Aslan, A and Sert, H and Yavuz, M and Tunc, MR",r2 = -0.98,-0.989949494,Testudines,caretta,caretta,Caretta_caretta,4,ID,,
99,53,"The effect of the predicted air temperature change on incubation        temperature, incubation duration, sex ratio and hatching success of        loggerhead turtles",2011,"Ozdemir, A and Ilgaz, C and Durmus, SH and Guclu, O and Ozdemir, Adem and Ilgaz, Cetin and Durmus, Salih Hakan and Guclu, Ozgur",R 2 = 0.38,0.6164414,Testudines,caretta,caretta,Caretta_caretta,19,ID,,
25,12,"Effect of nest temperature on hatchling phenotype of loggerhead turtles        (Caretta caretta) from two South Pacific rookeries, Mon Repos and La        Roche Percee",2012,"Read, T and Booth, DT and Limpus, CJ and Read, Tyffen and Booth, David T. and Limpus, Colin J.",Emailed: R2= -0.5284,-0.726911274,Testudines,caretta,caretta,Caretta_caretta,35,ID,,
26,12,"Effect of nest temperature on hatchling phenotype of loggerhead turtles        (Caretta caretta) from two South Pacific rookeries, Mon Repos and La        Roche Percee",2012,"Read, T and Booth, DT and Limpus, CJ and Read, Tyffen and Booth, David T. and Limpus, Colin J.",R2= 0.001,-0.031622777,Testudines,caretta,caretta,Caretta_caretta,35,M,Mass,
27,12,"Effect of nest temperature on hatchling phenotype of loggerhead turtles        (Caretta caretta) from two South Pacific rookeries, Mon Repos and La        Roche Percee",2012,"Read, T and Booth, DT and Limpus, CJ and Read, Tyffen and Booth, David T. and Limpus, Colin J.",R2=0.460,-0.678232998,Testudines,caretta,caretta,Caretta_caretta,35,P,crawling speed,
40,21,"Hatch rates of loggerhead turtles and physical characteristics of the        beach at Fethiye, Turkey",2003,"Turkozan, O and Ilgaz, C and Taskavak, E and Ozdemir, A and Turkozan, O and Ilgaz, C and Taskavak, E and Ozdemir, A",r=-0.547,-0.547,Testudines,caretta,caretta,Caretta_caretta,19,ID,,
41,21,"Hatch rates of loggerhead turtles and physical characteristics of the        beach at Fethiye, Turkey",2003,"Turkozan, O and Ilgaz, C and Taskavak, E and Ozdemir, A and Turkozan, O and Ilgaz, C and Taskavak, E and Ozdemir, A",r2=0.0004 negative,-0.02,Testudines,caretta,caretta,Caretta_caretta,19,S,,
88,47,"Sun exposure, nest temperature and loggerhead turtle hatchlings:        Implications for beach shading management strategies at sea turtle        rookeries",2014,"Wood, A and Booth, DT and Limpus, CJ and Wood, Apanie and Booth, David T. and Limpus, Colin J.",r2 = -0.75,-0.866025404,Testudines,caretta,caretta,Caretta_caretta,19,ID,,
89,47,"Sun exposure, nest temperature and loggerhead turtle hatchlings:        Implications for beach shading management strategies at sea turtle        rookeries",2014,"Wood, A and Booth, DT and Limpus, CJ and Wood, Apanie and Booth, David T. and Limpus, Colin J.", r2 = -0.071,-0.266458252,Testudines,caretta,caretta,Caretta_caretta,19,M,Mass,
90,47,"Sun exposure, nest temperature and loggerhead turtle hatchlings:        Implications for beach shading management strategies at sea turtle        rookeries",2014,"Wood, A and Booth, DT and Limpus, CJ and Wood, Apanie and Booth, David T. and Limpus, Colin J.",r2 = - 0.04,-0.2,Testudines,caretta,caretta,Caretta_caretta,19,P,crawling speed,
91,47,"Sun exposure, nest temperature and loggerhead turtle hatchlings:        Implications for beach shading management strategies at sea turtle        rookeries",2014,"Wood, A and Booth, DT and Limpus, CJ and Wood, Apanie and Booth, David T. and Limpus, Colin J.",emailed raw data: negative,-0.28,Testudines,caretta,caretta,Caretta_caretta,30,S,,
72,34,Metabolic heating in Mediterranean loggerhead sea turtle clutches,2006,"Zbinden, JA and Margaritoulis, D and Arlettaz, R and Zbinden, JA and Margaritoulis, D and Arlettaz, R",R2 = -0.502,-0.707106781,Testudines,caretta,caretta,Caretta_caretta,20,ID,,
66,32,Low male production at the world's largest green turtle rookery,2020,"Booth, DT and Dunstan, A and Bell, I and Reina, R and Tedeschi, J and Booth, D. T. and Dunstan, A. and Bell, I and Reina, R. and Tedeschi, J.",emailed raw data: positive,0.208137337,Testudines,chelonia,mydas,Chelonia_mydas,146,S,,
108,58,Warm Water and Cool Nests Are Best. How Global Warming Might Influence        Hatchling Green Turtle Swimming Performance,2011,"Booth, DT and Evans, A and Booth, David T. and Evans, Andrew",r2 = 0.0697 - negatve,-0.264007576,Testudines,chelonia,mydas,Chelonia_mydas,20,M,Mass - from raw data reported in paper,
48,25,Incubation periods and sex ratios of green turtles: highly female biased        hatchling production in the eastern Mediterranean,2000,"Broderick, AC and Godley, BJ and Reece, S and Downie, JR and Broderick, AC and Godley, BJ and Reece, S and Downie, JR",r2 = -0.79,-0.888819442,Testudines,chelonia,mydas,Chelonia_mydas,18,ID,,
86,45,"Sex Ratio of Green Turtle (Chelonia mydas) Hatchlings at Sugozu, Turkey:        Higher Accuracy with Pivotal Incubation Duration",2016,"C and an, O and Kolankaya, D and C and an, Onur and Kolankaya, Durdane",r2 = 0.53,0.728010989,Testudines,chelonia,mydas,Chelonia_mydas,12,ID,,
97,51,Temperature-dependent sex determination of Ascension Island green        turtles,2002,"Godley, BJ and Broderick, AC and Glen, F and Hays, GC and Godley, BJ and Broderick, AC and Glen, F and Hays, GC",r2 = 0.45,0.670820393,Testudines,chelonia,mydas,Chelonia_mydas,32,ID,,
64,31,"Locomotion performance of green turtle hatchlings from the Heron Island        Rookery, Great Barrier Reef",2009,"Ischer, T and Irel and , K and Booth, DT and Ischer, Tahia and Irel and , Katarina and Booth, David Terrington",r = −0.24,-0.24,Testudines,chelonia,mydas,Chelonia_mydas,18,M,mass,
65,31,"Locomotion performance of green turtle hatchlings from the Heron Island        Rookery, Great Barrier Reef",2009,"Ischer, T and Irel and , K and Booth, DT and Ischer, Tahia and Irel and , Katarina and Booth, David Terrington",r= -0.58,-0.58,Testudines,chelonia,mydas,Chelonia_mydas,18,P,crawling speed,
42,22,"Hatchling sex ratio, body weight and nest parameters for Chelonia mydas        nesting on Sugozu beaches (Turkey)",2014,"Kilic, C and C and an, O and Kilic, C. and C and an, O.",r 2 = -0.71,-0.842614977,Testudines,chelonia,mydas,Chelonia_mydas,8,ID,,
43,22,"Hatchling sex ratio, body weight and nest parameters for Chelonia mydas        nesting on Sugozu beaches (Turkey)",2014,"Kilic, C and C and an, O and Kilic, C. and C and an, O.",U = 12.500,-0.137931034,Testudines,chelonia,mydas,Chelonia_mydas,8,SR,negative,
33,17,Estimating the sex ratio of green sea turtles (Chelonia mydas) in Taiwan        by the nest temperature and histological methods,2013,"King, R and Cheng, WH and Tseng, CT and Chen, HC and Cheng, IJ and King, Rowena and Cheng, Wan-Hwa and Tseng, Cheng-Tsung and Chen, Hochang and Cheng, I-Jiunn",r = 0.479,0.479,Testudines,chelonia,mydas,Chelonia_mydas,24,SR,"As temperatures increased, more males were produced",
34,17,Estimating the sex ratio of green sea turtles (Chelonia mydas) in Taiwan        by the nest temperature and histological methods,2013,"King, R and Cheng, WH and Tseng, CT and Chen, HC and Cheng, IJ and King, Rowena and Cheng, Wan-Hwa and Tseng, Cheng-Tsung and Chen, Hochang and Cheng, I-Jiunn",r =- 0.479,0.479,Testudines,chelonia,mydas,Chelonia_mydas,24,SR,females produced at warmer temperatures,
110,60,Artificial and natural shade: Implications for green turtle (Chelonia mydas) rookery management,2021,"Reboul, I and Booth, D and Rusli, U ",R2= - 0.0377,-0.194164878,Testudines,chelonia,mydas,Chelonia_mydas,29,S,Bella emailed raw data,
111,60,Artificial and natural shade: Implications for green turtle (Chelonia mydas) rookery management,2021,"Reboul, I and Booth, D and Rusli, U ",R2= - 0.8491,-0.921466223,Testudines,chelonia,mydas,Chelonia_mydas,29,ID,,
112,60,Artificial and natural shade: Implications for green turtle (Chelonia mydas) rookery management,2021,"Reboul, I and Booth, D and Rusli, U ",R2= -0.0526,-0.229346899,Testudines,chelonia,mydas,Chelonia_mydas,504,M,Mass,Already adjusted for hatchling N
113,60,Artificial and natural shade: Implications for green turtle (Chelonia mydas) rookery management,2021,"Reboul, I and Booth, D and Rusli, U ",R2= 0.0718,0.26795522,Testudines,chelonia,mydas,Chelonia_mydas,504,P,"crawling speed, positive",
6,4,Artificial and natural shade: Implications for green turtle (Chelonia        mydas) rookery management,2021,"Reboul, I and Booth, D and Rusli, U and Reboul, Isabella and Booth, David and Rusli, Uzair",r2 = -0.85,-0.921954446,Testudines,chelonia,mydas,Chelonia_mydas,29,ID,,
21,9,"CONSERVATION TECHNIQUE OF THE GREEN TURTLE (Chelonia mydas L. 1758)        NESTS UNDER THE RISK OF TIDAL INUNDATION WITH HATCHERIES, ON SAMANDAG        BEACH, TURKEY",2013,"Sonmez, B and Ozdilek, ST and Sonmez, Bektas and Ozdilek, Sukran Talcm",r=0.78,0.78,Testudines,chelonia,mydas,Chelonia_mydas,10,S,,
60,30,"Influence of sand grain size and nest microenvironment on incubation        success, hatchling morphology and locomotion performance of green        turtles (Chelonia mydas) at the Chagar Hutang Turtle Sanctuary, Redang        Island, Malaysia",2018,"Stewart, TA and Booth, DT and Rusli, MU and Stewart, Taylor A. and Booth, David T. and Rusli, Mohd Uzair",R2= -0.0643,-0.253574447,Testudines,chelonia,mydas,Chelonia_mydas,30,ID,emailed raw data,
61,30,"Influence of sand grain size and nest microenvironment on incubation        success, hatchling morphology and locomotion performance of green        turtles (Chelonia mydas) at the Chagar Hutang Turtle Sanctuary, Redang        Island, Malaysia",2018,"Stewart, TA and Booth, DT and Rusli, MU and Stewart, Taylor A. and Booth, David T. and Rusli, Mohd Uzair",R2=0.07,0.264575131,Testudines,chelonia,mydas,Chelonia_mydas,30,M,Mass,
63,30,"Influence of sand grain size and nest microenvironment on incubation        success, hatchling morphology and locomotion performance of green        turtles (Chelonia mydas) at the Chagar Hutang Turtle Sanctuary, Redang        Island, Malaysia",2019,"Stewart, TA and Booth, DT and Rusli, MU and Stewart, Taylor A. and Booth, David T. and Rusli, Mohd Uzair",R2=0.0738,-0.271661554,Testudines,chelonia,mydas,Chelonia_mydas,30,P,negative mass,
62,30,"Influence of sand grain size and nest microenvironment on incubation        success, hatchling morphology and locomotion performance of green        turtles (Chelonia mydas) at the Chagar Hutang Turtle Sanctuary, Redang        Island, Malaysia",2018,"Stewart, TA and Booth, DT and Rusli, MU and Stewart, Taylor A. and Booth, David T. and Rusli, Mohd Uzair",Emailed: r2= 0.0699,0.264386081,Testudines,chelonia,mydas,Chelonia_mydas,30,S,,
81,42,No evidence of fine scale thermal adaptation in green turtles,2019,"Tilley, D and Ball, S and Ellick, J and Godley, BJ and Weber, N and Weber, SB and Broderick, AC and Tilley, Dominic and Ball, Samantha and Ellick, Jacqui and Godley, Brendan J. and Weber, Nicola and Weber, Sam B. and Broderick, Annette C.",χ2(1): 8.62 - negative,-0.575793766,Testudines,chelonia,mydas,Chelonia_mydas,26,M,size,
82,42,No evidence of fine scale thermal adaptation in green turtles,2019,"Tilley, D and Ball, S and Ellick, J and Godley, BJ and Weber, N and Weber, SB and Broderick, AC and Tilley, Dominic and Ball, Samantha and Ellick, Jacqui and Godley, Brendan J. and Weber, Nicola and Weber, Sam B. and Broderick, Annette C.","χ2(1): 4.92, negative",-0.435006631,Testudines,chelonia,mydas,Chelonia_mydas,26,S,,
83,42,No evidence of fine scale thermal adaptation in green turtles,2019,"Tilley, D and Ball, S and Ellick, J and Godley, BJ and Weber, N and Weber, SB and Broderick, AC and Tilley, Dominic and Ball, Samantha and Ellick, Jacqui and Godley, Brendan J. and Weber, Nicola and Weber, Sam B. and Broderick, Annette C.",χ2(1): 24.6,-0.972704398,Testudines,chelonia,mydas,Chelonia_mydas,26,SR,Almost all females produced at above the pivotal temp,
84,43,RELOCATING GREEN TURTLE (CHELONIA MYDAS) EGGS TO OPEN BEACH AREAS        PRODUCES HIGHLY FEMALE-BIASED HATCHLINGS,2021,"Tolen, N and Rusli, MU and Booth, DT and Tolen, Nicholas and Rusli, Mohd Uzair and Booth, David T.",r = ˗0.79,-0.79,Testudines,chelonia,mydas,Chelonia_mydas,22,ID,,
4,3,"Are thermal barriers ""higher"" in deep sea turtle nests?",2017,"Tomillo, PS and Fonseca, L and Paladino, FV and Spotila, JR and Oro, D and Tomillo, Pilar Santidrian and Fonseca, Luis and Paladino, Frank V. and Spotila, James R. and Oro, Daniel",Green: -0.22,-0.469041576,Testudines,chelonia,mydas,Chelonia_mydas,78,S,,
29,14,"Effects of hatchery shading and nest depth on the development and        quality of Chelonia mydas hatchlings: implications for hatchery        management in Peninsular, Malaysia",2005,"van de Merwe, J and Ibrahim, K and Whittier, J and van de Merwe, J and Ibrahim, K and Whittier, J",R2 = -0.83,-0.911043358,Testudines,chelonia,mydas,Chelonia_mydas,18,ID,,
30,14,"Effects of hatchery shading and nest depth on the development and        quality of Chelonia mydas hatchlings: implications for hatchery        management in Peninsular, Malaysia",2005,"van de Merwe, J and Ibrahim, K and Whittier, J and van de Merwe, J and Ibrahim, K and Whittier, J",R2=0.24,-0.489897949,Testudines,chelonia,mydas,Chelonia_mydas,18,SR,More males produced under cooler shaded nests,
37,19,Fine-scale thermal adaptation in a green turtle nesting population,2012,"Weber, SB and Broderick, AC and Groothuis, TGG and Ellick, J and Godley, BJ and Blount, JD and Weber, Sam B. and Broderick, Annette C. and Groothuis, Ton G. G. and Ellick, Jacqui and Godley, Brendan J. and Blount, Jonathan D.",x2= 44.4,-0.874938421,Testudines,chelonia,mydas,Chelonia_mydas,58,M,residual mass,
38,19,Fine-scale thermal adaptation in a green turtle nesting population,2012,"Weber, SB and Broderick, AC and Groothuis, TGG and Ellick, J and Godley, BJ and Blount, JD and Weber, Sam B. and Broderick, Annette C. and Groothuis, Ton G. G. and Ellick, Jacqui and Godley, Brendan J. and Blount, Jonathan D.","F1,58 = 56.2",-0.701512002,Testudines,chelonia,mydas,Chelonia_mydas,58,S,,
1,1,Agricultural practices alter sex ratios in a reptile with environmental        sex determination,2011,"Freedberg, S and Lee, C and Pappas, M and Freedberg, Steven and Lee, Chee and Pappas, Michael",R2 = 0.24,-0.489897949,Testudines,chelydra,serpentina,Chelydra_serpentina,51,SR,,
47,24,Impact of nest-site selection on nest success and nest temperature in        natural and disturbed habitats,2002,"Kolbe, JJ and Janzen, FJ and Kolbe, JJ and Janzen, FJ",r = −0.73,-0.73,Testudines,chelydra,serpentina,Chelydra_serpentina,16,SR,Mean temperature was inversely correlated with percent male ,
50,26,Incubation temperature in the wild influences hatchling phenotype of two        freshwater turtle species,2014,"Riley, JL and Freedberg, S and Litzgus, JD and Riley, Julia L. and Freedberg, Steven and Litzgus, Jacqueline D.",R2=0.801,-0.894986033,Testudines,chelydra,serpentina,Chelydra_serpentina,47,ID,Julia sent spreadsheets,
51,26,Incubation temperature in the wild influences hatchling phenotype of two        freshwater turtle species,2014,"Riley, JL and Freedberg, S and Litzgus, JD and Riley, Julia L. and Freedberg, Steven and Litzgus, Jacqueline D.","F1,43 = 0.21",0.071,Testudines,chelydra,serpentina,Chelydra_serpentina,47,M,Mass,positive
55,26,Incubation temperature in the wild influences hatchling phenotype of two        freshwater turtle species,2014,"Riley, JL and Freedberg, S and Litzgus, JD and Riley, Julia L. and Freedberg, Steven and Litzgus, Jacqueline D.",R2=0.018,0.134164079,Testudines,chelydra,serpentina,Chelydra_serpentina,47,S,"Julia sent spreadsheets, positive",
56,26,Incubation temperature in the wild influences hatchling phenotype of two  freshwater turtle species,2014,"Riley, JL and Freedberg, S and Litzgus, JD and Riley, Julia L. and Freedberg, Steven and Litzgus, Jacqueline D.","F1,43 = -5.47",-0.33,Testudines,chelydra,serpentina,Chelydra_serpentina,47,P,Righting response,
49,26,Incubation temperature in the wild influences hatchling phenotype of two        freshwater turtle species,2014,"Riley, JL and Freedberg, S and Litzgus, JD and Riley, Julia L. and Freedberg, Steven and Litzgus, Jacqueline D.",R2=0.3835,-0.619273768,Testudines,chrysemys ,picta,Chrysemys_picta,20,ID,Julia sent spreadsheets,
52,26,Incubation temperature in the wild influences hatchling phenotype of two        freshwater turtle species,2014,"Riley, JL and Freedberg, S and Litzgus, JD and Riley, Julia L. and Freedberg, Steven and Litzgus, Jacqueline D.","F1,17 = 0.06",0.236220236,Testudines,chrysemys ,picta,Chrysemys_picta,20,M,Mass,positive
53,26,Incubation temperature in the wild influences hatchling phenotype of two        freshwater turtle species,2014,"Riley, JL and Freedberg, S and Litzgus, JD and Riley, Julia L. and Freedberg, Steven and Litzgus, Jacqueline D.","F1,17 = 0.79",0.036055513,Testudines,chrysemys ,picta,Chrysemys_picta,20,P,Emailed julia ,positive
54,26,Incubation temperature in the wild influences hatchling phenotype of two        freshwater turtle species,2014,"Riley, JL and Freedberg, S and Litzgus, JD and Riley, Julia L. and Freedberg, Steven and Litzgus, Jacqueline D.",R2=0.046,0.214476106,Testudines,chrysemys ,picta,Chrysemys_picta,20,S,"Julia sent spreadsheets, positive",
9,7,Climate and predation dominate juvenile and adult recruitment in a        turtle with temperature-dependent sex determination,2010,"Schwanz, LE and Spencer, RJ and Bowden, RM and Janzen, FJ and Schwanz, Lisa E. and Spencer, Ricky-John and Bowden, Rachel M. and Janzen, Fredric J.",0.41,-0.640312424,Testudines,chrysemys,picta,Chrysemys_picta,10,SR,Negative,
10,7,Climate and predation dominate juvenile and adult recruitment in a        turtle with temperature-dependent sex determination,2010,"Schwanz, LE and Spencer, RJ and Bowden, RM and Janzen, FJ and Schwanz, Lisa E. and Spencer, Ricky-John and Bowden, Rachel M. and Janzen, Fredric J.",0.39,-0.6244998,Testudines,chrysemys,picta,Chrysemys_picta,19,SR,,
11,7,Climate and predation dominate juvenile and adult recruitment in a        turtle with temperature-dependent sex determination,2010,"Schwanz, LE and Spencer, RJ and Bowden, RM and Janzen, FJ and Schwanz, Lisa E. and Spencer, Ricky-John and Bowden, Rachel M. and Janzen, Fredric J.",0.37,-0.608276253,Testudines,chrysemys,picta,Chrysemys_picta,27,SR,,
12,7,Climate and predation dominate juvenile and adult recruitment in a        turtle with temperature-dependent sex determination,2010,"Schwanz, LE and Spencer, RJ and Bowden, RM and Janzen, FJ and Schwanz, Lisa E. and Spencer, Ricky-John and Bowden, Rachel M. and Janzen, Fredric J.",0.92,-0.959166305,Testudines,chrysemys,picta,Chrysemys_picta,7,SR,,
13,7,Climate and predation dominate juvenile and adult recruitment in a        turtle with temperature-dependent sex determination,2010,"Schwanz, LE and Spencer, RJ and Bowden, RM and Janzen, FJ and Schwanz, Lisa E. and Spencer, Ricky-John and Bowden, Rachel M. and Janzen, Fredric J.",0.95,-0.974679434,Testudines,chrysemys,picta,Chrysemys_picta,9,SR,,
14,7,Climate and predation dominate juvenile and adult recruitment in a        turtle with temperature-dependent sex determination,2010,"Schwanz, LE and Spencer, RJ and Bowden, RM and Janzen, FJ and Schwanz, Lisa E. and Spencer, Ricky-John and Bowden, Rachel M. and Janzen, Fredric J.",0.99,-0.994987437,Testudines,chrysemys,picta,Chrysemys_picta,9,SR,,
15,7,Climate and predation dominate juvenile and adult recruitment in a        turtle with temperature-dependent sex determination,2010,"Schwanz, LE and Spencer, RJ and Bowden, RM and Janzen, FJ and Schwanz, Lisa E. and Spencer, Ricky-John and Bowden, Rachel M. and Janzen, Fredric J.",0.73,-0.854400375,Testudines,chrysemys,picta,Chrysemys_picta,11,SR,,
16,7,Climate and predation dominate juvenile and adult recruitment in a        turtle with temperature-dependent sex determination,2010,"Schwanz, LE and Spencer, RJ and Bowden, RM and Janzen, FJ and Schwanz, Lisa E. and Spencer, Ricky-John and Bowden, Rachel M. and Janzen, Fredric J.",0.59,-0.768114575,Testudines,chrysemys,picta,Chrysemys_picta,32,SR,,
17,7,Climate and predation dominate juvenile and adult recruitment in a        turtle with temperature-dependent sex determination,2010,"Schwanz, LE and Spencer, RJ and Bowden, RM and Janzen, FJ and Schwanz, Lisa E. and Spencer, Ricky-John and Bowden, Rachel M. and Janzen, Fredric J.",0.46,-0.678232998,Testudines,chrysemys,picta,Chrysemys_picta,72,SR,,
18,7,Climate and predation dominate juvenile and adult recruitment in a        turtle with temperature-dependent sex determination,2010,"Schwanz, LE and Spencer, RJ and Bowden, RM and Janzen, FJ and Schwanz, Lisa E. and Spencer, Ricky-John and Bowden, Rachel M. and Janzen, Fredric J.",0.46,-0.678232998,Testudines,chrysemys,picta,Chrysemys_picta,234,SR,,
39,20,Geographic variation in reproduction in a freshwater turtle (Clemmys        guttata),2006,"Litzgus, JD and Mousseau, TA and Litzgus, JD and Mousseau, TA",r2=-0.52,-0.721110255,Testudines,clemmys,guttata,Clemmys_guttata,21,ID,,
73,35,"Microclimate of American crocodile nests in Banco Chinchorro biosphere        reserve, Mexico: Effect on incubation length, embryos survival and        hatchlings sex",2012,"Charruau, P and Charruau, Pierre",r=0.16,0.16,Crocodilia,crocodylus,acutus,Crocodylus_acutus,12,ID,,
74,35,"Microclimate of American crocodile nests in Banco Chinchorro biosphere        reserve, Mexico: Effect on incubation length, embryos survival and        hatchlings sex",2012,"Charruau, P and Charruau, Pierre",r=0.21,0.21,Crocodilia,Crocodylus,acutus,Crocodylus_acutus,12,S,,
79,40,"Nesting ecology of the American crocodile in La Encrucijada Biosphere        Reserve, Mexico",2016,"Gonzalez-Desales, GA and Monroy-Vilchis, O and Zarco-Gonzalez, MM and Charruau, P and Gonzalez-Desales, Giovany A. and Monroy-Vilchis, Octavio and Zarco-Gonzalez, Martha M. and Charruau, Pierre",r=−0.82,-0.82,Crocodilia,Crocodylus,acutus,Crocodylus_acutus,7,S,,
76,37,"Nest temperature assessment in an American crocodile (Crocodylus acutus)        population on the central coast of Oaxaca, Mexico",2021,"Lara, RB and Grajales, JG and Ramirez, EM and Lara, Rene Barragan and Grajales, Jesus Garcia and Ramirez, Emilio Martinez",r = 0.66,0.66,Crocodilia,crocodylus,acutus,Crocodylus_acutus,10,ID,,
78,39,Nest-site selection by crocodiles at a rocky site in the Australian        tropics: Making the best of a bad lot,2013,"Somaweera, R and Shine, R and Somaweera, Ruchira and Shine, Richard","F1,65 = 0.39 negative",-0.078437172,Crocodilia,Crocodylus, johnsoni,Crocodylus_johnsoni,65,S,,
59,29,Influence of incubation temperature on morphology and locomotion        performance of Leatherback (Dermochelys coriacea) hatchlings,2010,"Mickelson, LE and Downie, JR and Mickelson, L. E. and Downie, J. R.",R2= -0.375,-0.612372436,Testudines,Dermochelys ,coriacea,Dermochelys_coriacea,16,M,Hatchling density,
22,10,Depth of the drying front and temperature affect emergence of        leatherback turtle hatchlings from the nest,2018,"Swiggs, J and Paladino, FV and Spotila, JR and Tomillo, PS and Swiggs, Jennifer and Paladino, Frank V. and Spotila, James R. and Tomillo, Pilar Santidrian",Year 08/09: R2: 0.331 negative,-0.575325995,Testudines,Dermochelys ,coriacea,Dermochelys_coriacea,243,S,,
5,3,"Are thermal barriers ""higher"" in deep sea turtle nests?",2017,"Tomillo, PS and Fonseca, L and Paladino, FV and Spotila, JR and Oro, D and Tomillo, Pilar Santidrian and Fonseca, Luis and Paladino, Frank V. and Spotila, James R. and Oro, Daniel",Leatherback: -0.25,-0.5,Testudines,Dermochelys ,coriacea,Dermochelys_coriacea,24,S,,
58,28,Influence of emergence success on the annual reproductive output of        leatherback turtles,2009,"Tomillo, PS and Suss, JS and Wallace, BP and Magrini, KD and Blanco, G and Paladino, FV and Spotila, JR and Tomillo, Pilar Santidrian and Suss, Jack S. and Wallace, Bryan P. and Magrini, Kimberly D. and Blanco, Gabriela and Paladino, Frank V. and Spotila, James R.",F=34.915,-0.4455,Testudines,Dermochelys ,coriacea,Dermochelys_coriacea,143,S,,
8,6,"Biotic and abiotic factors affect the nest environment of embryonic        leatherback turtles, Dermochelys coriacea",2004,"Wallace, BP and Sotherl and , PR and Spotila, JR and Reina, RD and Franks, BF and Paladino, FV and Wallace, BP and Sotherl and , PR and Spotila, JR and Reina, RD and Franks, BF and Paladino, FV",𝑅2=0.489,0.699285349,Testudines,dermochelys,coriacea,Dermochelys_coriacea,7,ID,,
93,49,Temperature Effects on Development and Phenotype in a Free-Living        Population of Western Pond Turtles (Emys marmorata),2017,"Christie, NE and Geist, NR and Christie, Nicole E. and Geist, Nicholas R.",x2= -60.47,-0.620611985,Testudines,Actinemys,marmorata,Actinemys_marmorata,41,ID,,
94,49,Temperature Effects on Development and Phenotype in a Free-Living        Population of Western Pond Turtles (Emys marmorata),2017,"Christie, NE and Geist, NR and Christie, Nicole E. and Geist, Nicholas R.",x2=-0.63,-0.063346183,Testudines,Actinemys,marmorata,Actinemys_marmorata,41,S,,
98,52,"Temperature-sex determination in Podocnemis expansa (Testudines,        Podocnemididae)",2011,"Bonach, K and Malvasio, A and Matushima, ER and Verdade, LM and Bonach, Kelly and Malvasio, Adriana and Matushima, Eliana R. and Verdade, Luciano M.",,0.0067,Testudines,emys,obicularis,Emys_orbicularis,7,ID,,
95,50,"Temperature incubation and sex ratio in newly hatched newborns of the hawksbill turtle Eretmochelys imbricata (Linnaeus, 1766) in the municipality of Ipojuca, Pernambuco, Brazil ",2014,"Sim√µes, T.N., da Silva, A.C., dos Santos, E.M., Chagas, C.A.",r2 = -0.8087,-0.899277488,Testudines,eretmochelys,imbricata,Eretmochelys_imbricata,9,ID,,
96,50,"Temperature incubation and sex ratio in newly hatched newborns of the hawksbill turtle Eretmochelys imbricata (Linnaeus, 1766) in the municipality of Ipojuca, Pernambuco, Brazil ",2014,"Sim√µes, T.N., da Silva, A.C., dos Santos, E.M., Chagas, C.A.",r2 = 0.6755,-0.6755,Testudines,eretmochelys,imbricata,Eretmochelys_imbricata,9,SR,negative,
19,8,Climate change impacts on fitness depend on nesting habitat in lizards,2011,"Huang, WS and Pike, DA and Huang, Wen-San and Pike, David A.",R2=0.02,0.141421356,Squamata,Eutropis,longicaudata,Eutropis_longicaudata,25,M,Mass - emailed for direction 6/2 - positive,
20,8,Climate change impacts on fitness depend on nesting habitat in lizards,2011,"Huang, WS and Pike, DA and Huang, Wen-San and Pike, David A.",R2= 0.06 - positive,0.244948974,Squamata,Eutropis,longicaudata,Eutropis_longicaudata,25,S,emailed direction,
75,36,"Nest site selection and embryonic survival in four-toed salamanders,        Hemidactylium scutatum (Caudata : Plethodontidae)",2008,"Wahl, GW and Harris, RN and Nelms, T and Wahl, George W., III and Harris, Reid N. and Nelms, Tracie",,-0.314,Urodela,Hemidactylium,scutatum,Hemidactylium_scutatum,66,S,,
32,16,"Emergence Success and Sex Ratio of Natural and Relocated Nests of Olive        Ridley Turtles from Alas Purwo National Park, East Java, Indonesia",2012,"Maulany, RI and Booth, DT and Baxter, GS and Maulany, Risma I. and Booth, David T. and Baxter, Greg S.",R2  = - 0.546,-0.738918128,Testudines,lepidochelys,olivacea,Lepidochelys_olivacea,109,ID,,
23,11,Effect of Hatchery Nest Environment on Olive Ridley (Lepidochelys        olivacea) Hatchling Performance,2021,"Pusapati, C and Manoharakrishnan, M and Phillott, AD and Shanker, K and Pusapati, Ch and ana and Manoharakrishnan, Muralidharan and Phillott, Andrea D. and Shanker, Kartik",r=0.22,0.22,Testudines,lepidochelys,olivacea,Lepidochelys_olivacea,16,M,Mass,
24,11,Effect of Hatchery Nest Environment on Olive Ridley (Lepidochelys        olivacea) Hatchling Performance,2021,"Pusapati, C and Manoharakrishnan, M and Phillott, AD and Shanker, K and Pusapati, Ch and ana and Manoharakrishnan, Muralidharan and Phillott, Andrea D. and Shanker, Kartik",r = 0.83,0.83,Testudines,lepidochelys,olivacea,Lepidochelys_olivacea,16,P,crawling speed,
3,3,"Are thermal barriers ""higher"" in deep sea turtle nests?",2017,"Tomillo, PS and Fonseca, L and Paladino, FV and Spotila, JR and Oro, D and Tomillo, Pilar Santidrian and Fonseca, Luis and Paladino, Frank V. and Spotila, James R. and Oro, Daniel",Olive Ridley R2 = -0.43,-0.655743852,Testudines,lepidochelys,olivacea,Lepidochelys_olivacea,118,S,,
57,27,"Incubation temperatures, sex ratio and hatching success of leatherback        turtles (Dermochelys coriacea) in two protected hatcheries on the        central Mexican coast of the Eastern Tropical Pacific Ocean",2019,"Garcia-Grajales, J and Hernando, JFM and Garcia, JLA and Fuentes, ER and Garcia-Grajales, J. and Meraz Hernando, J. F. and Arcos Garcia, J. L. and Ramirez Fuentes, E.",r = –0.97;,-0.97,Testudines,natator,depressus,Natator_depressus,46,ID,,
109,59,Water temperature at oviposition sites of Rana luteiventris in        northeastern Oregon,2003,"Bull, EL and Shepherd, JF and Bull, EL and Shepherd, JF",r= -.7944,-0.794,Anura,rana,luteiventris,Rana_luteiventris,13,ID,,
2,2,Analysis of the nest environment of tuatara Sphenodon punctatus,1996,"Thompson, MB and Packard, GC and Packard, MJ and Rose, B and Thompson, MB and Packard, GC and Packard, MJ and Rose, B",X2=2.69 DF= 1,-0.641482658,Rhynchocephalia,Sphenodon,punctatus,Sphenodon_punctatus,20,S,,
31,15,"Effects of temperature on hatching success in field incubating nests of        spur-thighed tortoises, Testudo graeca",2006,"Diaz-Paniagua, C and Andreu, AC and Keller, C and Diaz-Paniagua, C. and Andreu, A. C. and Keller, C.",,-0.375,Testudines,testudo,graeca,Testudo_graeca,56,ID,,